,trainLoss,valLoss
0,0.06714337319135666,0.07267683744430542
1,0.04657292366027832,0.051963064819574356
2,0.03243127837777138,0.0373803973197937
3,0.02658039517700672,0.03171953558921814
4,0.0220005065202713,0.027130793780088425
5,0.01995132304728031,0.025129318237304688
6,0.017991716042160988,0.023170791566371918
7,0.019174721091985703,0.02435380592942238
8,0.018048623576760292,0.023290231823921204
9,0.01652032509446144,0.021691767498850822
