,trainLoss,valLoss
0,0.07252202928066254,0.07474149763584137
1,0.05043832212686539,0.05255588889122009
2,0.04206482321023941,0.0442207045853138
3,0.03574661910533905,0.037683676928281784
4,0.030391519889235497,0.032191935926675797
